NAME,MOBILE NO,EMAIL
dhsfhs,9678590678,dkjf@mail.com
dhsfhsjhgjg,9678590678,dkjf@mail.com
dhsfhsjhgjgghfg,9678590670,dkjf@mail.com
NAME,MOBILE NO,EMAIL
dhsfhs,9678590678,dkjf@mail.com
dhsfhsjhgjg,9678590678,dkjf@mail.com
dhsfhsjhgjgghfg,9678590670,dkjf@mail.com
dhsfhsjhgjgghfggfgf,9678590670,dkjf@mail.com
tryrty,9678590678,dkjf@mail.com
NAME,MOBILE NO,EMAIL
dhsfhs,9678590678,dkjf@mail.com
dhsfhsjhgjg,9678590678,dkjf@mail.com
dhsfhsjhgjgghfg,9678590670,dkjf@mail.com
dhsfhsjhgjgghfggfgf,9678590670,dkjf@mail.com
tryrty,9678590678,dkjf@mail.com
tryrty6765786,9678590678,dkjf@mail.com
NAME,MOBILE NO,EMAIL
dhsfhs,9678590678,dkjf@mail.com
dhsfhsjhgjg,9678590678,dkjf@mail.com
dhsfhsjhgjgghfg,9678590670,dkjf@mail.com
dhsfhsjhgjgghfggfgf,9678590670,dkjf@mail.com
tryrty,9678590678,dkjf@mail.com
tryrty6765786,9678590678,dkjf@mail.com
tryrty6765786fgfd,9678590678,dkjf@mail.com
NAME,MOBILE NO,EMAIL
dhsfhs,9678590678,dkjf@mail.com
dhsfhsjhgjg,9678590678,dkjf@mail.com
dhsfhsjhgjgghfg,9678590670,dkjf@mail.com
dhsfhsjhgjgghfggfgf,9678590670,dkjf@mail.com
tryrty,9678590678,dkjf@mail.com
tryrty6765786,9678590678,dkjf@mail.com
tryrty6765786fgfd,9678590678,dkjf@mail.com
tryrty6765786fgfdfgfd,9678590678,dkjf@mail.com
NAME,MOBILE NO,EMAIL
dhsfhs,9678590678,dkjf@mail.com
dhsfhsjhgjg,9678590678,dkjf@mail.com
dhsfhsjhgjgghfg,9678590670,dkjf@mail.com
dhsfhsjhgjgghfggfgf,9678590670,dkjf@mail.com
tryrt6fgfdfgfd,9678590678,dkjf@mail.com
tryrty,9678590678,dkjf@mail.com
tryrty6765786,9678590678,dkjf@mail.com
tryrty6765786fgfd,9678590678,dkjf@mail.com
tryrty6765786fgfdfgfd,9678590678,dkjf@mail.com
NAME,MOBILE NO,EMAIL
dhsfhs,9678590678,dkjf@mail.com
dhsfhsjhgjg,9678590678,dkjf@mail.com
dhsfhsjhgjgghfg,9678590670,dkjf@mail.com
dhsfhsjhgjgghfggfgf,9678590670,dkjf@mail.com
tryrt6fgfdfgfd,9678590678,dkjf@mail.com
tryrt6fgfdfgfd67876876,9678590678,dkjf@mail.com
tryrty,9678590678,dkjf@mail.com
tryrty6765786,9678590678,dkjf@mail.com
tryrty6765786fgfd,9678590678,dkjf@mail.com
tryrty6765786fgfdfgfd,9678590678,dkjf@mail.com
NAME,MOBILE NO,EMAIL
dhsfhs,9678590678,dkjf@mail.com
dhsfhsjhgjg,9678590678,dkjf@mail.com
dhsfhsjhgjgghfg,9678590670,dkjf@mail.com
dhsfhsjhgjgghfggfgf,9678590670,dkjf@mail.com
tryrt6fgfdfgfd,9678590678,dkjf@mail.com
tryrt6fgfdfgfd67876,9678590678,dkjf@mail.com
tryrt6fgfdfgfd67876876,9678590678,dkjf@mail.com
tryrty,9678590678,dkjf@mail.com
tryrty6765786,9678590678,dkjf@mail.com
tryrty6765786fgfd,9678590678,dkjf@mail.com
tryrty6765786fgfdfgfd,9678590678,dkjf@mail.com
NAME,MOBILE NO,EMAIL
dhsfhs,9678590678,dkjf@mail.com
dhsfhsjhgjg,9678590678,dkjf@mail.com
dhsfhsjhgjgghfg,9678590670,dkjf@mail.com
dhsfhsjhgjgghfggfgf,9678590670,dkjf@mail.com
tryrt6fgf7876,9678590678,dkjf@mail.com
tryrt6fgfdfgfd,9678590678,dkjf@mail.com
tryrt6fgfdfgfd67876,9678590678,dkjf@mail.com
tryrt6fgfdfgfd67876876,9678590678,dkjf@mail.com
tryrty,9678590678,dkjf@mail.com
tryrty6765786,9678590678,dkjf@mail.com
tryrty6765786fgfd,9678590678,dkjf@mail.com
tryrty6765786fgfdfgfd,9678590678,dkjf@mail.com
NAME,MOBILE NO,EMAIL
dhsfhs,9678590678,dkjf@mail.com
dhsfhsjhgjg,9678590678,dkjf@mail.com
dhsfhsjhgjgghfg,9678590670,dkjf@mail.com
dhsfhsjhgjgghfggfgf,9678590670,dkjf@mail.com
tryrt6fgf7876,9678590678,dkjf@mail.com
tryrt6fgf7876543543543,9678590678,dkjf@mail.com
tryrt6fgfdfgfd,9678590678,dkjf@mail.com
tryrt6fgfdfgfd67876,9678590678,dkjf@mail.com
tryrt6fgfdfgfd67876876,9678590678,dkjf@mail.com
tryrty,9678590678,dkjf@mail.com
tryrty6765786,9678590678,dkjf@mail.com
tryrty6765786fgfd,9678590678,dkjf@mail.com
tryrty6765786fgfdfgfd,9678590678,dkjf@mail.com
NAME,MOBILE NO,EMAIL
tryrt6fgf7876543543543,9678590678,dkjf@mail.com
NAME,MOBILE NO,EMAIL
gfhgfh,9678590678,dkjf@mail.com
tryrt6fgf7876543543543,9678590678,dkjf@mail.com
NAME,MOBILE NO,EMAIL
gfhgfh,9678590678,dkjf@mail.com
tryrt6fgf7876543543543,9678590678,dkjf@mail.com
tryrt6fgf787654354358989,9678590678,dkjf@mail.com
